Time (TU),X (LU),Y (LU),Z (LU),VX (LU/TU),VY (LU/TU),VZ (LU/TU)
0,1.1147794104220352,3.58391864684352e-28,-0.19104297734542638,-1.7528361688168769e-15,-0.22331222002959492,1.5400367361221636e-14
0.004070198718386411,1.1147777111696364,-0.0009089188232573738,-0.19104033704996617,-0.0008349694848368627,-0.22330758499196648,0.0012973788331781218
0.013514749410934085,1.1147606766204956,-0.003017778483290761,-0.1910138677438272,-0.0027722315205020507,-0.22326111781729777,0.004307815757821119
0.022964314103043143,1.1147253247637767,-0.005127082521028288,-0.19095892979251214,-0.004709832449264446,-0.22316467175613186,0.007319784585362471
0.032418527635417395,1.1146716376793766,-0.007236275867125851,-0.19087548250939065,-0.006647213754252384,-0.2230181714907517,0.010333122362704507
0.04187698204147081,1.1145996052251277,-0.009344792667334895,-0.19076349060156617,-0.008583806896030404,-0.22282154912517077,0.013347652279117881
0.05133927026629349,1.1145092250111317,-0.0114520662351818,-0.19062292410780451,-0.010519042479320992,-0.2225747440460269,0.01636319758157306
0.06080497403237517,1.114400502557533,-0.013557526544242419,-0.19045375862780037,-0.012452347974218618,-0.22227770328865784,0.01937957768750928
0.07027367655162196,1.1142734512313395,-0.015660603259285772,-0.19025597521409782,-0.014383150524466742,-0.22193038130451487,0.02239661221588544
0.07974496211008851,1.1141280922456227,-0.017760725837442815,-0.19002956036704402,-0.016310877064060935,-0.22153273990295613,0.025414120833440277
0.08921840626912818,1.1139644548303804,-0.01985732155469775,-0.1897745063034994,-0.01823495252981693,-0.2210847486673256,0.02843192011132044
0.09869358189765245,1.1137825761929634,-0.02194981705277382,-0.1894908109045538,-0.02015480130605358,-0.22058638480083814,0.03144982542571555
0.10817005883653287,1.1135825015448075,-0.02403763847124331,-0.18917847777296248,-0.022069847369961704,-0.22003763315853334,0.034467650828682694
0.11764739981305598,1.113364284217331,-0.026120210759538874,-0.18883751643666002,-0.023979513684935113,-0.21943848652931833,0.03748520772456825
0.12712516301420215,1.1131279856474692,-0.0281969584634744,-0.1884679423559563,-0.025883222946678414,-0.2187889455665645,0.04050230566683093
0.13660289926306282,1.1128736754787185,-0.030267305328638444,-0.18806977711839207,-0.027780397244171685,-0.21808901904187902,0.04351875143587066
0.14608015485049416,1.1126014315214303,-0.032330675148205555,-0.18764304842088117,-0.02967045886133093,-0.21733872371846505,0.04653434991665252
0.15555646984302768,1.1123113398184852,-0.034386491622191616,-0.18718779022407542,-0.031552830172130404,-0.2165380845205652,0.04954890353548945
0.16503137899020356,1.1120034946379567,-0.036434178788350084,-0.18670404279999495,-0.033426934059275895,-0.21568713450869165,0.05256221252340822
0.1745044028779996,1.1116779987944216,-0.038473159356643805,-0.18619185330457083,-0.03529219241467192,-0.21478591577190087,0.05557407207748691
0.18397505556544047,1.11133496345106,-0.040502856621553576,-0.1856512755435452,-0.037148027915313235,-0.21383447889505888,0.05858427476471675
0.19344284314709265,1.110974508184217,-0.04252269440640511,-0.1850823701583864,-0.03899386399649094,-0.2128328831583356,0.06159261003803823
0.20290725974017704,1.1105967611631153,-0.04453209647463216,-0.18448520500360194,-0.04082912433877127,-0.21178119706776327,0.06459886293441067
0.21236778511129245,1.1102018592973955,-0.046530486317212384,-0.18385985548455122,-0.04265323270069208,-0.21067949881096582,0.06760281329521568
0.22182389462393973,1.1097899478556423,-0.04851728954511939,-0.18320640406691135,-0.04446561512865136,-0.20952787524767702,0.07060423889764307
0.2312750428671452,1.109361181186541,-0.05049193073581386,-0.18252494154294985,-0.04626569710503251,-0.20832642398996132,0.07360291022910892
0.24072067089570365,1.1089157224750794,-0.05245383529308465,-0.18181556678242083,-0.048052905274288626,-0.20707525280826294,0.07659859276015
0.2501602025571018,1.108453743956249,-0.05440242901779842,-0.18107838722023295,-0.04982666708034332,-0.2057744803310149,0.07959104575225609
0.25959305076098327,1.1079754266465824,-0.05633713974840586,-0.18031351858731767,-0.05158641228897396,-0.2044242354046747,0.08258002421788342
0.26901860130922034,1.1074809611977336,-0.05825739440307262,-0.17952108644731124,-0.05333157032712858,-0.20302465963729446,0.08556527376894354
0.278436223765241,1.106970547421209,-0.06016262161800363,-0.1787012256265598,-0.05506157271693936,-0.20157590622165966,0.08854653403708075
0.2878452630561562,1.1064443947834035,-0.06205225045000945,-0.17785408121057927,-0.05677585193069528,-0.20007814152139425,0.09152353598897678
0.2972450409553618,1.1059027223988571,-0.06392571112719178,-0.1769798087543264,-0.05847384211013186,-0.19853154526780376,0.09449600237332817
0.3066348554902586,1.1053457591214502,-0.06578243539130689,-0.1760785746652519,-0.06015497941528233,-0.1969363110608583,0.09746364751078376
0.3160139741035844,1.1047737440157537,-0.06762185563919662,-0.17515055722102396,-0.061818701288977554,-0.19529264799459398,0.10042617511213818
0.3253816339701812,1.1041869264294089,-0.06944340553215218,-0.1741959469654084,-0.063464447055675,-0.1936007811853553,0.1033832783627291
0.3347370359791239,1.1035855664601355,-0.07124651940440332,-0.17321494776788138,-0.06509165743809499,-0.19186095347997267,0.10633463800960728
0.3440793554373615,1.1029699343505253,-0.07303063493163275,-0.17220777615772254,-0.06669977701947065,-0.19007342410899225,0.10927992572720968
0.3534077269971917,1.102340311523875,-0.07479519085060184,-0.17117466335649212,-0.0682882522412581,-0.18823847213096298,0.1122187993528338
0.36272124342799195,1.101696990780308,-0.07653962744189191,-0.17011585597671997,-0.06985653190500263,-0.18635639752447605,0.11515090250029186
0.372018955428107,1.10104027641062,-0.07826338724179785,-0.1690316166126504,-0.07140406788389539,-0.1844275220993058,0.11807586450507063
0.3812998688497339,1.100370484480159,-0.07996591530778899,-0.16792222473996543,-0.07293031543724293,-0.18245219097016782,0.12099329955994118
0.3905629508595312,1.0996879424516528,-0.08164666115270781,-0.16678797654890332,-0.0744347350243273,-0.18043077214602787,0.12390280866374523
0.39980711686702075,1.0989929901908673,-0.08330507719621985,-0.16562918710005556,-0.07591679100167274,-0.17836366027367076,0.12680397553128625
0.4090312307113556,1.0982859800399591,-0.08494061973774276,-0.16444619097882485,-0.07737595259192262,-0.17625127773429286,0.12969636668390774
0.4182341033205485,1.0975672769837528,-0.08655274968805923,-0.1632393431381745,-0.07881169464153108,-0.1740940761002073,0.1325795310673491
0.42741449745724613,1.0968372583126988,-0.0881409343907727,-0.16200901892828687,-0.08022349935265105,-0.1718925361643188,0.13545300158263424
0.43657112413004096,1.096096313899082,-0.08970464799161464,-0.16075561518468434,-0.08161085672352608,-0.1696471698887741,0.13831629401067655
0.44570263394575954,1.0953448468961484,-0.0912433710318128,-0.15947955207902711,-0.08297326431323955,-0.16735852376007243,0.1411689043713166
0.4548076252151878,1.094583273066184,-0.09275659294979526,-0.15818127269031218,-0.08431022959441101,-0.16502717810047512,0.14401031153336183
0.46388464447905586,1.0938120206621313,-0.09424381326135096,-0.15686124353464503,-0.08562127113130832,-0.16265374813061864,0.14683997745746377
0.47293219644841505,1.093031529458037,-0.09570454426086908,-0.15551995366072835,-0.08690592109767221,-0.1602388824905184,0.14965735037830755
0.4819487231130518,1.0922422523937405,-0.09713830872969353,-0.15415791826140535,-0.08816372340349118,-0.15778326993283073,0.15246185839223078
0.4909326251163296,1.091444653570316,-0.09854464453157155,-0.15277567605666015,-0.08939423789011808,-0.1552876348595113,0.15525291622541737
0.499882271669919,1.0906392070957491,-0.0999231071541708,-0.15137378810982285,-0.0905970426927056,-0.15275273545739684,0.15802992841442584
0.5087959818829001,1.0898263984591545,-0.10127326781189792,-0.1499528410574668,-0.09177173272717937,-0.15017936986087635,0.16079228362288076
0.5176720574253988,1.0890067212430092,-0.1025947194167881,-0.14851344223485866,-0.09291792504010477,-0.14756836770833426,0.16353936489357873
0.5265087639680077,1.0881806784051267,-0.1038870746162375,-0.1470562227610773,-0.09403525723332505,-0.14492059614094305,0.16627054401303204
0.5353043510661256,1.0873487800111905,-0.10514996958755385,-0.14558183441462738,-0.09512339089080664,-0.14223695460169405,0.16898518779391153
0.5440570671263986,1.0865115412928852,-0.10638306682043527,-0.14409094701112762,-0.09618201408789301,-0.13951837054975672,0.17168266280542516
0.5527651625942697,1.0856694817470154,-0.10758605602795758,-0.14258424757819452,-0.09721084226281586,-0.1367657984658911,0.17436233645334367
0.5614268831470218,1.0848231251929963,-0.1087586536434317,-0.14106244123643827,-0.09820961787725342,-0.13398022202358106,0.1770235749940634
0.5700405119590805,1.083972995001367,-0.10990060884495585,-0.1395262433603287,-0.09917811562115568,-0.13116264032870834,0.17966575662145362
0.5786043516278934,1.0831196151216642,-0.11101170109414363,-0.13797638205971338,-0.10011614033888439,-0.12831407302891795,0.18228826597418651
0.5871167373919811,1.082263508064166,-0.1120917418714955,-0.13641359515713017,-0.1010235285270071,-0.1254355553837834,0.1848904982641616
0.5955760644568835,1.0814051913841196,-0.11314057787790355,-0.1348386243098529,-0.10190015100774046,-0.12252812804002945,0.18747186767226723
0.6039807712179476,1.0805451785755358,-0.11415808844336896,-0.13325221709211024,-0.10274591070267274,-0.11959284145338012,0.19003180223705626
0.6123293727442978,1.0796839748725149,-0.11514418904863434,-0.13165511966250631,-0.10356074549640308,-0.11663074292597592,0.19256975406813953
0.6206204508052103,1.0788220774515254,-0.11609882926900983,-0.130048077407967,-0.10434462640508471,-0.11364287833713528,0.1950851962703385
0.6288526657484648,1.0779599734225136,-0.11702199326598031,-0.12843183143566372,-0.1050975578462296,-0.11063028617618377,0.19757762651076843
0.6370247620253835,1.0770981384774272,-0.11791369933496539,-0.12680711617403445,-0.10581957709205042,-0.10759399358150913,0.20004656862039047
0.6451355714719632,1.076237035797582,-0.11877399907142733,-0.12517465736659486,-0.10651075338585989,-0.10453501307019177,0.2024915734920283
0.6531840251832631,1.075377114072904,-0.11960297730334622,-0.1235351682799552,-0.1071711876430422,-0.10145433586525773,0.2049122225383233
0.6611691363134069,1.074518808658229,-0.12040074890021096,-0.1218893517936815,-0.10780100963476734,-0.09835293621531982,0.20730812237541832
0.6690900289081471,1.073662537854783,-0.12116746024433313,-0.12023789311363557,-0.10840037886841425,-0.09523175804356303,0.20967891332982938
0.6769459090225013,1.0728087054277815,-0.12190328480849817,-0.11858146434212093,-0.10896948078479027,-0.09209172386556404,0.21202426059363022
0.6847361026609503,1.0719576959580934,-0.1226084251831934,-0.11692071516468769,-0.10950852799243149,-0.0889337174208211,0.21434386536673455
0.6924600060448793,1.071109879768441,-0.12328310683281131,-0.11525628203563429,-0.11001775508931493,-0.08575860130841094,0.21663744980127644
0.7001171112248552,1.0702656097286491,-0.12392757898890287,-0.11358878159009465,-0.11049741902440641,-0.08256720470970456,0.21890476444958387
0.7077070064294434,1.0694252208332182,-0.12454211302452882,-0.11191880932332442,-0.1109477974706518,-0.07936032098482564,0.22114558811872242
0.7152293694543259,1.068589030602341,-0.12512700026717705,-0.11024693985533678,-0.11136918678572069,-0.07613870825635906,0.22335972565512255
0.72268394934162,1.0677573408557002,-0.12568254906410756,-0.10857372995968576,-0.11176189948349746,-0.07290309533375473,0.2255470023113777
0.7300705859527543,1.0669304353221511,-0.1262090848258664,-0.10689971323525889,-0.11212626385950693,-0.0696541714918701,0.22770726925955911
0.7373891824080234,1.0661085825466263,-0.12670694654473952,-0.10522540538789371,-0.11246262111862126,-0.0663925967038141,0.22984039525502784
0.7446397132976419,1.0652920348573343,-0.12717648609781523,-0.10355130159867494,-0.11277132450810763,-0.0631189965717575,0.23194626881400518
0.7518222282364714,1.0644810278763064,-0.12761806710172213,-0.1018778749040741,-0.113052738098476,-0.05983395910367261,0.2340247989759227
0.75893682099186,1.0636757839585786,-0.12803206174271936,-0.10020558268782251,-0.1133072343084476,-0.05653804740054905,0.236075906112741
0.7659836525289194,1.0628765095857264,-0.12841885108221912,-0.098534860739676,-0.11353519370659867,-0.05323178796676916,0.23809952837524237
0.772962930736845,1.0620833976789141,-0.12877882274024294,-0.09686612745602913,-0.11373700315626376,-0.049915678898562514,0.2400956155995361
0.7798749096752852,1.0612966277384273,-0.12911236988903474,-0.09519978358163388,-0.11391305483714127,-0.0465901893301291,0.2420641288822666
0.7867198900244885,1.0605163658664944,-0.12941989031371853,-0.09353621168479923,-0.11406374530467678,-0.043255758301659245,0.24400504048455396
0.793498210504997,1.0597427658398217,-0.1297017851040778,-0.09187577786632553,-0.11418947438665235,-0.039912798074670776,0.24591833117056344
0.8002102474447572,1.0589759692744412,-0.1299584578177794,-0.09021883156490414,-0.11429064436637461,-0.036561693648664,0.24780398987811422
0.8068564009950843,1.0582161073321037,-0.1301903132115256,-0.08856570871541405,-0.11436765904401612,-0.0332028090644172,0.2496620096527694
0.8134371044065247,1.0574632998061473,-0.1303977569414834,-0.08691672927382119,-0.11442092323431875,-0.029836482330788738,0.25149239008009555
0.8199528211225824,1.056717655608098,-0.13058119475814514,-0.08527219773630734,-0.11445084203740061,-0.026463026337088587,0.2532951362634071
0.8264040312445737,1.0559792744818493,-0.13074103151845254,-0.08363240641317997,-0.11445782017981834,-0.02308273545646996,0.25507025489382346
0.8327912365219495,1.0552482466058375,-0.13087767084191362,-0.08199763409852899,-0.11444226156604995,-0.01969588275842919,0.25681775548564345
0.8391149681407944,1.0545246518805693,-0.1309915147161471,-0.08036814397083251,-0.11440456870650961,-0.016302715507508093,0.2585376523127081
0.8453757650979168,1.0538085625879825,-0.13108296256889612,-0.07874418907692868,-0.11434514231492024,-0.012903466410090882,0.2602299583262362
0.8515741749651151,1.0531000434897053,-0.1311524109986669,-0.07712601217927942,-0.1142643810361947,-0.009498353299142207,0.261894685272891
0.8577107586244901,1.0523991514729427,-0.13120025351983725,-0.07551384455143263,-0.11416268108969076,-0.006087576558452544,0.26353184485605513
0.8637860868985495,1.0517059361247345,-0.13122688019473636,-0.07390790687930156,-0.11404043599333835,-0.002671320933739081,0.265141447698559
0.8698007356339296,1.0510204404812966,-0.13123267734118865,-0.07230841061137612,-0.11389803640280469,0.0007502416543728485,0.26672350192880806
0.8757552916473388,1.0503427005377606,-0.13121802730098733,-0.07071555644379651,-0.11373586974440787,0.004176955402978794,0.2682780146424528
0.8816526368916378,1.0496724860617355,-0.13118329075556684,-0.06912891807619895,-0.11355424549277947,0.0076100180422269854,0.26980558103008273
0.8874942252072681,1.049009725119677,-0.1311288082929401,-0.06754843525593023,-0.11335348871115566,0.011049852882936978,0.27130640721013394
0.8932806024269205,1.0483544442755341,-0.13105491722634927,-0.06597428316672586,-0.11313394472083357,0.014496372850823747,0.2727804562471644
0.8990123079310633,1.047706666054535,-0.13096195093454802,-0.06440663212048231,-0.11289595618956612,0.0179494958509588,0.27422768439254436
0.9046898757959904,1.0470664089590007,-0.13085023885918234,-0.06284564739542634,-0.1126398631212332,0.02140914499041497,0.2756480413576193
0.9103138438657172,1.046433686591676,-0.13072010628604444,-0.06129148686616417,-0.1123660024244112,0.024875253759640715,0.2770414725295457
0.9158847492848989,1.04580850830866,-0.1305718743256628,-0.05974430232589976,-0.11207470802099523,0.02834776311067559,0.2784079177509605
0.9214031164538673,1.045190880709759,-0.13040586023181328,-0.058204242965324955,-0.1117663114911521,0.031826613549210535,0.2797473083340212
0.9268694806758611,1.044580805125322,-0.13022237671530504,-0.05667144891381288,-0.11144114079384838,0.035311759596737,0.28105957278824806
0.9322843654401821,1.0439782802971573,-0.1300217325661883,-0.05514605768313882,-0.11109952148790224,0.038803155210612145,0.2823446312299863
0.9376482965233683,1.0433833009338416,-0.12980423219759776,-0.05362820034483815,-0.11074177592462954,0.042300762365653624,0.28360239874758264
0.9429617940949983,1.0427958587201518,-0.12957017590494055,-0.05211800386307843,-0.11036822372398267,0.04580454566821155,0.2848327834690486
0.9482253718665419,1.0422159425318165,-0.1293198599468452,-0.050615591470360086,-0.10997918189052501,0.04931447134741732,0.2860356863686447
0.9534395476958653,1.0416435373894606,-0.1290535760422769,-0.0491210797562169,-0.10957496404124316,0.05283051397521754,0.28721100365974844
0.9586048307047049,1.041078625999344,-0.12877161197045586,-0.04763458245242924,-0.10915588135364845,0.05635264756293977,0.2883586238072875
0.9637217272376215,1.0405211882108611,-0.12847425131748808,-0.04615620885186616,-0.10872224216403567,0.05988084913843204,0.2894784288845127
0.9687907444092752,1.0399712007471489,-0.1281617732528549,-0.04468606288497817,-0.10827435165577827,0.0634151009045777,0.290570295301326
0.973812380352089,1.039428638376704,-0.1278344531236459,-0.04322424605070011,-0.10781251271954644,0.06695538313745718,0.2916340916648851
0.9787871333406429,1.038893473029079,-0.12749256192762848,-0.041770854883257075,-0.10733702518789391,0.07050168015954994,0.2926696807489413
0.9837154935719457,1.0383656747866474,-0.12713636687917404,-0.040325983453241246,-0.10684818662520863,0.0740539741729521,0.2936769177547279
0.9885979538046683,1.0378452108440386,-0.1267661306889805,-0.038889720359794384,-0.10634629132411558,0.07761225252106246,0.2946556525081276
0.9934349963337717,1.037332047001328,-0.1263821125399019,-0.03746215265377424,-0.1058316316333968,0.08117649792975155,0.295605726808356
0.9982271072484187,1.0368261462414925,-0.125984567031193,-0.03604336174351935,-0.1053044965180945,0.08474669855436683,0.29652697728735866
1.0029747619156624,1.0363274703646561,-0.12557374536087199,-0.03463342777750892,-0.10476517313301287,0.08832283693303601,0.2974192325690731
1.0076784338067308,1.0358359791404779,-0.12514989467603244,-0.03323242714094285,-0.10421394593266144,0.09190489609621075,0.29828231504180464
1.0123385936067502,1.035351630493694,-0.1247132581634635,-0.03184043280965024,-0.10365109678244828,0.09549285859192994,0.29911604068855
1.0169557099483137,1.034874380517044,-0.12426407500014743,-0.030457514220250205,-0.10307690488478422,0.09908670673858905,0.2999202192237733
1.0215302428540423,1.0344041842317513,-0.12380258103817751,-0.029083739327882132,-0.10249164763579618,0.10268641714769053,0.30069465299613246
1.0260626511376216,1.0339409949001137,-0.12332900814929125,-0.027719172484554744,-0.10189559976227869,0.10629196607286771,0.30143913835152275
1.0305533914102036,1.0334847642121734,-0.12284358433355985,-0.0263638748182607,-0.10128903344912504,0.10990332835267062,0.30215346546698474
1.0350029091822823,1.0330354432625675,-0.12234653474816964,-0.02501790700931987,-0.10067221959813676,0.11352046984285878,0.30283741702441236
1.0394116558901267,1.0325929808982446,-0.12183807989395375,-0.02368132423267981,-0.10004542554446208,0.11714336079582142,0.30349077095539917
1.043780070906156,1.0321573256088126,-0.12131843766210221,-0.022354181680316436,-0.09940891757512771,0.12077196090131506,0.3041132977341059
1.0481085938308707,1.0317284243556883,-0.1207878220063211,-0.02103653092327203,-0.09876295925651388,0.12440622892711935,0.3047047623421921
1.052397659925599,1.0313062231002854,-0.12024644350715397,-0.01972842137327163,-0.09810781210622652,0.12804611863543194,0.30526492366186797
1.0566476987455733,1.0308906670006146,-0.11969450961549923,-0.018429900780312345,-0.09744373585547204,0.13169157721251062,0.3057935344275907
1.0608591378679677,1.0304817001072033,-0.11913222423758665,-0.01714101417178089,-0.09677098791670344,0.13534254806246124,0.3062903418258252
1.0650323986450385,1.0300792658383116,-0.11855978834780348,-0.015861805224851307,-0.09608982408822761,0.13899896678202592,0.30675508709844407
1.0691678989384616,1.0296833067698468,-0.11797739969965923,-0.014592315504495008,-0.09540049817090299,0.14266076311348513,0.3071875060319627
1.0732660528696092,1.0292937647171114,-0.11738525291430468,-0.013332584609867474,-0.09470326203994771,0.14632786036521855,0.30758732906706865
1.077327271007288,1.028910580772547,-0.11678353950972735,-0.012082650184930918,-0.09399836564444561,0.15000017521627265,0.3079542814665393
1.0813519601380834,1.0285336953814022,-0.11617244799071424,-0.010842548055666198,-0.09328605707670229,0.15367761714871125,0.3082880834522747
1.0853405220745727,1.028163048503716,-0.11555216409599359,-0.009612312662984322,-0.09256658282053021,0.15736008697465464,0.30858845029466503
1.0892933532308042,1.0277985796989022,-0.11492287094885431,-0.008391977258842512,-0.09184018788028446,0.1610474760147694,0.30885509251905363
1.0932108491025905,1.0274402277597843,-0.11428474840987099,-0.007181572584599579,-0.09110711499088017,0.16473966989874145,0.3090877164200042
1.097093400815554,1.0270879310815213,-0.11363797366703074,-0.005981127994806905,-0.09036760526056536,0.16843654503549424,0.3092860239956087
1.100941392462455,1.0267416279430113,-0.11298272176700329,-0.004790672339889291,-0.08962189872754278,0.17213796564799874,0.30944971309395414
1.1047552077855314,1.0264012559441609,-0.1123191645628994,-0.003610231955831024,-0.08887023311033974,0.17584378977934942,0.3095784779905214
1.1085352236913137,1.0260667526319336,-0.11164747187823157,-0.002439832724273487,-0.08811284508448623,0.1795538627046704,0.30967200935914824
1.1122818143735296,1.0257380551688946,-0.1109678108714799,-0.0012794988492972528,-0.08734996950768475,0.1832680205324043,0.3097299947237472
1.1159953503503999,1.0254151004593755,-0.11028034626019007,-0.00012925320555260615,-0.08658183962275405,0.18698608893491203,0.30975211869156655
1.1196761984262886,1.0250978251905245,-0.10958524039056947,0.0010108826011812663,-0.08580868708198204,0.19070788276504522,0.30973806324616987
1.123324725657611,1.0247861655313224,-0.1088826525296819,0.0021408894152205697,-0.08503074111026827,0.19443320978295334,0.30968750798141753
1.126941297738342,1.0244800573190167,-0.10817273917500755,0.0032607499841573375,-0.0842482288079888,0.19816186884302922,0.3096001302662833
1.1305262697508414,1.0241794368740909,-0.10745565594159212,0.004370446050021893,-0.0834613771712381,0.20189364000464666,0.30947560581895034
1.1340799912561748,1.0238842405847453,-0.10673155670795707,0.0054699598852266,-0.08267041206805026,0.20562828923635232,0.3093136091634602
1.1376028106329896,1.0235944045755152,-0.10600059280565532,0.006559275595740404,-0.08187555728717753,0.2093655726290353,0.3091138138336523
1.1410950693007111,1.0233098652155284,-0.10526291426736237,0.0076383772963675425,-0.08107703583366799,0.2131052299926894,0.3088758930483204
1.1445571073541974,1.0230305586818862,-0.1045186687301149,0.008707250817489376,-0.08027506866610999,0.2168469905059825,0.308599519823833
1.147989259934039,1.0227564212852125,-0.10376800225575714,0.009765882548746722,-0.07946987551752208,0.22059056855958822,0.3082843676146552
1.1513918586652783,1.0224873893779305,-0.10301105909586392,0.010814259851545577,-0.0786616745670639,0.22433566499596366,0.3079301106719968
1.1547652329932836,1.0222233992764305,-0.10224798144777587,0.011852371439053475,-0.0778506821087018,0.2280819683300719,0.3075364243280244
1.1581097072402926,1.0219643875184028,-0.10147891017259862,0.012880206440205015,-0.07703711324177383,0.23182915124401535,0.3071029857747609
1.1614256016361426,1.0217102908019007,-0.1007039846430385,0.013897754691555263,-0.07622118162564429,0.23557687143054248,0.3066294744951733
1.1647132339971495,1.0214610458795683,-0.09992334241280611,0.01490500722701718,-0.07540309905169376,0.23932477325230914,0.3061155725281407
1.1679729174286442,1.0212165897567482,-0.09913711981461606,0.015901955549044746,-0.07458307599076514,0.24307248492161065,0.3055609653165282
1.1712049620749563,1.020976859578841,-0.09834545161062716,0.01688859214338268,-0.07376132114095295,0.24681962027270452,0.30496534198895614
1.1744096765978282,1.020741792546211,-0.09754847067131359,0.017864910906921744,-0.07293804101455204,0.2505657803320529,0.3043283955663455
1.1775873620118873,1.0205113263867276,-0.09674630956449704,0.018830905250120433,-0.07211344149296545,0.2543105459450622,0.3036498247392028
1.1807383204037987,1.0202853987359541,-0.09593909844173981,0.019786570735209504,-0.07128772555484578,0.25805348782030085,0.3029293326988667
1.1838628470449988,1.0200639477298257,-0.0951269670759949,0.0207319026609041,-0.07046109528265139,0.261794157124719,0.3021666293725033
1.1869612348042808,1.0198469117009743,-0.09431004380987834,0.0216668973907209,-0.06963375068578095,0.26553209055247023,0.30136143111060243
1.190033773696717,1.0196342292308407,-0.09348845571407365,0.02259155220106276,-0.06880588977161807,0.2692668097250911,0.300513461357528
1.1930807503544618,1.0194258392041398,-0.09266232877669317,0.023505865109304556,-0.06797770864233439,0.27299782049102317,0.299622451399991
1.1961024482302882,1.0192216808107972,-0.091831787901186,0.02440983492498072,-0.06714940139508531,0.27672461312533214,0.29868814094773044
1.1990991474836328,1.0190216935692753,-0.0909969569881472,0.02530346120687055,-0.06632116010503115,0.2804466621674614,0.29771027881274975
1.2020711227793115,1.018825817485381,-0.09015795961218982,0.02618674360296889,-0.06549317539130836,0.2841634236577431,0.29668862434826415
1.2050186485946681,1.0186339927139718,-0.08931491758567374,0.027059683425735854,-0.06466563489276228,0.28787434177347726,0.2956229463539447
1.2079419936911715,1.0184461599381254,-0.08846795256296243,0.02792228200378448,-0.06383872474958163,0.29157884198096956,0.2945130256340736
1.2108414253829964,1.0182622601029485,-0.08761718487405197,0.02877454194534616,-0.06301262835115412,0.295276336475411,0.2933586541756764
1.2137172076608091,1.018082234552106,-0.08676273409971244,0.029616466578892185,-0.06218752679837134,0.2989662219462125,0.29215963648260146
1.2165695993806753,1.0179060251504912,-0.08590471966772578,0.030448059426959103,-0.06136359936805694,0.30264787736556487,0.2909157910965316
1.2193988580577966,1.0177335740581006,-0.08504325977126422,0.03126932531878404,-0.060541022360842967,0.30632066902407074,0.2896269497299477
1.2222052376589783,1.0175648238805093,-0.08417847206298064,0.03208026974515553,-0.059719969665812424,0.30998394791009315,0.28829295887230777
1.224988989395043,1.0173997176312497,-0.08331047345588107,0.03288089909237421,-0.05890061246255244,0.31363705097087524,0.28691368014288576
1.2277503603605218,1.017238198822631,-0.0824393805888237,0.03367122025644943,-0.0580831195525049,0.3172792995922611,0.2854889916829506
1.2304895951154693,1.017080211380926,-0.08156530937650891,0.03445124110593685,-0.05726765682434807,0.32091000196734476,0.2840187881080565
1.2332069354081823,1.016925699673802,-0.08068837512718668,0.0352209704071153,-0.056454387260386645,0.32452845307901756,0.28250298131968
1.2359026196339082,1.0167746085506215,-0.0798086927519652,0.03598041767840434,-0.055643471024624636,0.3281339343510985,0.2809415015036846
1.2385768848180936,1.0166268832412402,-0.07892637614721687,0.036729593756164025,-0.054835064790071365,0.3317257167129103,0.2793342966498347
1.2412299633985195,1.0164824695449899,-0.0780415392771012,0.03746850989788222,-0.054029322631993615,0.3353030567351315,0.27768133510133997
1.243862086105651,1.0163413136790882,-0.07715429525753262,0.03819717860107078,-0.05322639508360355,0.3388652009678163,0.275982604519309
1.2464734798075108,1.0162033624045264,-0.07626475710144474,0.038915613013175844,-0.05242642971422288,0.3424113835497251,0.27423811387254843
1.2490643712343683,1.0160685628376251,-0.0753730364746482,0.03962382796664357,-0.051629569912377854,0.3459408318153234,0.27244789157818755
1.2516349830394433,1.0159368626685863,-0.07447924504986148,0.04032183890049043,-0.0508359560135746,0.3494527615413929,0.27061198867429626
1.2541855356435203,1.0158082100713834,-0.07358349390132904,0.041009662379562155,-0.05004572466161342,0.3529463800658534,0.26873047818916
1.2567162491153197,1.0156825536202798,-0.07268589284658275,0.04168731660356087,-0.049259008147510504,0.35642088953025797,0.26680345420621615
1.2592273394924842,1.015559842484271,-0.07178655174874696,0.042354820421769766,-0.04847593547588056,0.3598754825270302,0.2648310350690641
1.2617190218671008,1.0154400262811698,-0.07088557943643539,0.043012194169051506,-0.04769663133607759,0.3633093470465585,0.26281336153441914
1.2641915106294193,1.0153230550790924,-0.06998308360089828,0.04365945972403321,-0.04692121595119027,0.3667216675729494,0.26075059685659124
1.2666450170903678,1.0152088795195655,-0.06907917165760237,0.04429663988549479,-0.04614980575486103,0.37011162257872204,0.258642929088837
1.2690797526730282,1.0150974506764696,-0.06817394957532733,0.04492375920688349,-0.04538251232545212,0.37347838972695224,0.2564905687162412
1.2714959277028681,1.0149887201256331,-0.06726752229829823,0.045540843670141974,-0.04461944270164967,0.3768211450239983,0.2542937498347992
1.2738937511076445,1.0148826399684814,-0.06635999384633527,0.046147920603505296,-0.04386069941967282,0.380139063239827,0.25205273061548733
1.276273431170705,1.0147791628084528,-0.06545146701636871,0.04674501886570735,-0.043106380221852106,0.3834313198016232,0.2497677927540407
1.2786351770873292,1.014678241696346,-0.06454204275792737,0.04733216921771834,-0.04235657751252789,0.38669709380893685,0.24743923996603537
1.2809791964887733,1.0145798302499165,-0.06363182109033354,0.04790940368297733,-0.04161137909828444,0.38993556547612146,0.2450674003332931
1.283305697144899,1.0144838825910836,-0.06272090042512328,0.04847675595524454,-0.04087086760957964,0.39314591936033527,0.2426526246042621
1.2856148874917044,1.0143903533373797,-0.061809377321048284,0.04903426149847816,-0.040135120298884545,0.39632734595842933,0.24019528545447494
1.2879069767379183,1.0142991976117417,-0.060897346397412434,0.04958195753701983,-0.03940420897886779,0.39947904271267626,0.23769577708682343
1.2901821737425971,1.0142103710997028,-0.0599849007406896,0.0501198827530924,-0.03867820035979029,0.4026002133203809,0.23515451616202482
1.2924406882940045,1.0141238300099746,-0.05907213135840787,0.05064807755804666,-0.03795715562821252,0.40569007033723214,0.23257194008886947
1.294682731676315,1.014039531066519,-0.05815912690087093,0.05116658417830449,-0.03724113025889771,0.40874783676932275,0.22994850591330915
1.2969085163727685,1.0139574315339586,-0.057245973729084826,0.05167544653379296,-0.03653017410982605,0.4117727464570781,0.22728469012156433
1.2991182548365474,1.0138774892744662,-0.05633275637598701,0.05217470990933327,-0.03582433182271795,0.41476404318326293,0.22458098960471068
1.301312162317099,1.0137996626563979,-0.055419556336706775,0.052664421543643404,-0.035123641935458014,0.4177209852530747,0.2218379176582803
1.3034904548005593,1.0137239106423896,-0.05450645286523091,0.05314463009937585,-0.034428137562692085,0.4206428434044924,0.2190560057970907
1.3056533509513768,1.0136501927331694,-0.053593522114445034,0.05361538603011005,-0.03373784580618368,0.4235289040883581,0.21623580059597955
1.307801068141824,1.0135784691141625,-0.052680838765130245,0.054076740650694274,-0.03305278905951195,0.42637846480701463,0.21337786813290024
1.3099338294799956,1.0135087004291055,-0.05176847300404272,0.05452874758867945,-0.032372982810490135,0.4291908440618743,0.21048278396278247
1.3120518569967712,1.0134408480204162,-0.05085649336426329,0.05497146123881627,-0.031698437866912725,0.4319653728379301,0.20755114127985938
1.3141553752345225,1.0133748738184762,-0.04994496516025523,0.0554049374625296,-0.031029159270418025,0.4347013998802978,0.204583545333586
1.316244610494022,1.0133107403766248,-0.04903395076466467,0.055829233346939254,-0.030365146602237766,0.4373982911492738,0.2015806135470669
1.318319791287609,1.0132484108666444,-0.04812350936920364,0.05624440721469774,-0.029706393911192133,0.4400554308085712,0.19854297395526035
1.3203811475928318,1.0131878491102462,-0.04721369727197044,0.056650518389103434,-0.029052890028868256,0.4426722206190359,0.19547126535909756
1.3224289107096996,1.013129019589857,-0.04630456791047545,0.05704762708721269,-0.028404618697640494,0.4452480800882045,0.19236613666164185
1.324463314514509,1.0130718874195082,-0.04539617127403518,0.05743579457837756,-0.027761558262329716,0.4477824483142534,0.18922824404403293
1.326484593542127,1.013016418405996,-0.044488554728026646,0.057815082727486665,-0.027123682370616072,0.45027478179562064,0.1860582529545408
1.328492984357907,1.0129625790149843,-0.043581762380443256,0.05818555417473307,-0.02649095963655508,0.4527245563289332,0.18285683510537898
1.3304887252527204,1.0129103363851784,-0.04267583519410086,0.05854727218674785,-0.02586335383946896,0.4551312667386689,0.17962466799402566
1.3324720554837592,1.0128596583522695,-0.04177081131417115,0.05890030043225306,-0.025240824268093574,0.4574944260424259,0.1763624352272062
1.3344432157495179,1.012810513439168,-0.040866725841844524,0.05924470298523176,-0.0246233256790496,0.45981356607761,0.1730708248881206
1.3364024475031844,1.0127628708754368,-0.03996361114086861,0.059580544120828666,-0.024010808622708348,0.46208823669977145,0.16975052982234143
1.3383499942263022,1.0127167005678963,-0.0390614962460358,0.05990788845051915,-0.023403219157979223,0.46431800722915173,0.1664022446409174
1.3402860997147201,1.0126719731435778,-0.038160407651271946,0.06022680054408592,-0.02280049950336992,0.4665024643813969,0.16302666779484942
1.342211008192975,1.0126286599454806,-0.0372603692662515,0.0605373448777222,-0.0222025881155475,0.46864121234261563,0.15962450065983141
1.344124965005342,1.012586733015969,-0.0363614021023754,0.06083958586992857,-0.02160941959107558,0.47073387342166606,0.15619644557886161
1.3460282164235648,1.0125461651008845,-0.03546352437021668,0.06113358776829101,-0.021020924844857944,0.4727800876485537,0.1527432054380039
1.3479210087633677,1.012506929666787,-0.034566751910269464,0.06141941443705445,-0.02043703150143372,0.4747795116312861,0.14926548456816535
1.3498035890626725,1.0124690008838286,-0.03367109789221846,0.061697129391033195,-0.019857663802690398,0.4767318190835097,0.1457639868665804
1.3516762041811565,1.0124323536411992,-0.03277657326411386,0.0619667955911743,-0.01928274300263516,0.4786366996516942,0.14223941683733707
1.3535391014056941,1.0123969635310806,-0.03188318649053136,0.06222847546853237,-0.018712187297245077,0.4804938593064825,0.1386924778908866
1.3553925287855193,1.012362806839409,-0.030990943416371625,0.0624822308995398,-0.01814591183893652,0.482303020372265,0.13512387111148746
1.3572367330786224,1.0123298605795985,-0.03009984828569959,0.06272812286051256,-0.01758382947891757,0.48406391923116165,0.13153429868391667
1.3590719618683973,1.0122981024482136,-0.02920990275835787,0.06296621166075106,-0.017025850232976616,0.4857763081151715,0.12792445935613309
1.3608984623304388,1.0122675108428258,-0.028321106539258154,0.06319655671450779,-0.0164718817702504,0.48743995358786363,0.12429505035679017
1.3627164815483253,1.012238064850998,-0.027433457264545522,0.06341921652759548,-0.015921829427005697,0.48905463652857095,0.12064676636597123
1.3645262650492382,1.0122097442676252,-0.026546951259703855,0.06363424846999097,-0.01537559675688796,0.49062015053854313,0.1169803020985404
1.3663280592278737,1.0121825295497815,-0.025661582399125638,0.0638417090224928,-0.014833084903737444,0.492136303766261,0.11329634709189329
1.3681221094523834,1.0121564018411737,-0.02477734307629617,0.06404165349790893,-0.014294193278582907,0.49360291689917024,0.10959558919603903
1.3699086610641962,1.0121313429506207,-0.023894223759887336,0.0642341361119005,-0.013758819360332453,0.4950198236764552,0.10587871225208763
1.3716879576611665,1.0121073353697014,-0.023012213891047177,0.06441920975546722,-0.013226859309933484,0.4963868691941885,0.10214639941270964
1.373460243431221,1.01208436223353,-0.022131300779881458,0.06459692620593367,-0.012698207368503224,0.4977039114213964,0.09839932806413547
1.3752257614783232,1.0120624073377764,-0.021251470484145534,0.06476733590773945,-0.01217275645425232,0.49897081953406647,0.09463817311191426
1.376984754060642,1.0120414551281645,-0.020372707745628205,0.06493048796617498,-0.011650398183195852,0.5001874737997315,0.09086360633680472
1.3787374621660748,1.0120214906981846,-0.01949499625770975,0.06508643007966532,-0.011131023084777978,0.501353764993683,0.08707629718710526
1.380484127719064,1.0120024997576524,-0.01861831761435976,0.06523520870249057,-0.010614520036436466,0.5024695955306143,0.08327690788707516
1.3822249902377743,1.0119844686642483,-0.01774265303983155,0.06537686871776627,-0.010100777340002998,0.5035348769221557,0.07946610057002543
1.3839602885247322,1.0119673843965749,-0.016867982601060642,0.06551145356920413,-0.009589682302856237,0.504549530653401,0.07564453359033216
1.3856902608099864,1.0119512345466115,-0.015994285191945783,0.06563900524481642,-0.009081121277406694,0.5055134879506319,0.07181286115406929
1.3874151449401793,1.0119360073123316,-0.01512153849421159,0.06575956426211929,-0.008574979685362855,0.5064266895547337,0.06797173285804785
1.3891351776466483,1.011921691498452,-0.014249719405160155,0.06587316959158677,-0.008071142309879965,0.5072890850205315,0.06412179530428068
1.3908505956514048,1.0119082765011957,-0.013378803535916564,0.0659798587094685,-0.007569493046330531,0.5081006329913743,0.06026368963990445
1.3925616323027197,1.0118957523281347,-0.012508766979579835,0.06607966737459778,-0.0070699159583555455,0.508861299371302,0.05639805916805407
1.394268523063529,1.0118841095499331,-0.011639583583491148,0.06617262995001912,-0.00657229374399552,0.5095710596410207,0.052525537043732584
1.3959715005998368,1.0118733393318482,-0.010771227504503853,0.06625877909294439,-0.006076509239656958,0.5102298963645918,0.048646757410296865
1.3976707983119379,1.0118634334036232,-0.009903671471698195,0.06633814593856795,-0.005582444457009753,0.5108378004581051,0.04476234747984391
1.3993666468836234,1.0118543840755723,-0.009036888606497115,0.06641075991799912,-0.005089981652499736,0.5113947696637563,0.04087293549207468
1.401059278780929,1.0118461842080764,-0.008170850185159806,0.06647664895240418,-0.0045990020834018805,0.5119008099047685,0.03697914052447848
1.4027489237107806,1.011838827231661,-0.0073055280193273205,0.06653583924472936,-0.004109387389030744,0.5123559335571563,0.033081583013715624
1.404435811845292,1.0118323071257744,-0.006440892867635125,0.06658835540590746,-0.0036210187152205375,0.5127601602883736,0.0291808774801006
1.4061201715180798,1.011826618424533,-0.005576915675421114,0.06663422036762873,-0.003133777441055639,0.5131135162596173,0.0252776379747358
1.4078022314001775,1.0118217562040472,-0.0047135665195733555,0.06667345544649629,-0.002647544606623428,0.5134160344950438,0.021372473193365542
1.4094822190440104,1.0118177160841355,-0.003850815414749154,0.06670608029547516,-0.002162201391108038,0.5136677543866487,0.017465989994457407
1.4111603616776105,1.0118144942222018,-0.0029886319656766067,0.06673211292165938,-0.001677628938553555,0.5138687217131847,0.013558791715164243
1.4128368846897184,1.0118120873123633,-0.0021269862051613853,0.06675156966482151,-0.001193708849684618,0.5140189883604018,0.009651481862647877
1.4145120150452313,1.011810492576865,-0.00126584689826496,0.06676446524146958,-0.0007103222495020486,0.5141186125511019,0.005744656323304463
1.416185977955303,1.0118097077691175,-0.00040518331256557047,0.06677081269810498,-0.00022735080136287457,0.5141676583782154,0.0018389112903165034
1.417858997733619,1.011809731168332,0.0004550351626107181,0.06677062343552873,0.00025532348840669595,0.5141661958908551,-0.0020651585532887695
1.419531336125111,1.0118105616044715,0.0013148586629934415,0.06676390699111459,0.0007378292784243144,0.5141142993149801,-0.00596704927393145
1.4212044526198433,1.0118121999636949,0.00217495318707462,0.06675065885452922,0.0012206407257122347,0.5140119528467986,-0.009869052467809218
1.4228785694599024,1.0118146479318288,0.003035348360569868,0.06673087063816993,0.0017038750369438686,0.5138591292756146,-0.013770570618075635
1.4245539098039617,1.0118179077161704,0.00389607400313988,0.06670453234021123,0.0021876496356049778,0.51365580752756,-0.017671006192416436
1.4262306972727077,1.0118219820475314,0.004757159837013724,0.06667163234397733,0.002672081978418455,0.5134019727211466,-0.021569760422941144
1.4279091557107155,1.0118268741818222,0.00561863530701681,0.06663215742405389,0.0031572894335223957,0.5130976162785829,-0.02546623259693777
1.4295895092475297,1.0118325879022094,0.00648052955442836,0.06658609275079817,0.003643389244278354,0.5127427360281915,-0.029359820050489312
1.4312719837312733,1.0118391275272929,0.007342872094024861,0.06653342184939948,0.004130498889861368,0.5123373359604205,-0.033249921337028615
1.432956803666978,1.0118464979028896,0.008205691186291454,0.06647412669406448,0.004618735144020452,0.5118814270275367,-0.03713592899758469
1.434644194865815,1.0118547044141957,0.00906901513845058,0.06640818764097114,0.005108214785263818,0.5113750267041235,-0.04101723556447287
1.4363343844873933,1.0118637529912888,0.009932872266441815,0.06633558341814377,0.005599054553063861,0.5108181589901343,-0.04489323350655736
1.4380275985098758,1.0118736500992722,0.010797289543908139,0.06625629124146809,0.006091370355005917,0.5102108553828558,-0.0487633093049331
1.4397240651086702,1.011884402760018,0.011662294271431608,0.06617028668011708,0.006585278188459708,0.5095531539282929,-0.05262685109107468
1.4414240124579631,1.0118960185445873,0.012527912895004406,0.06607754376027399,0.007080893441592863,0.5088451001017962,-0.05648324349995535
1.4431276700096827,1.0119085055856456,0.013394171600332589,0.0659780349116341,0.007578331203881894,0.5080867464853509,-0.060331870487185295
1.4448352664233293,1.0119218725667982,0.014261095202700377,0.0658717311009248,0.00807770559833707,0.5072781538716145,-0.06417211056984388
1.4465470327621341,1.0119361287510535,0.015128708714264631,0.06575860165660666,0.008579130650244767,0.5064193900146818,-0.0680033439692457
1.4482631991553754,1.0119512839597027,0.015997035592396167,0.06563861449101122,0.0090827192448127,0.5055105314047716,-0.07182494504597184
1.449983998045116,1.011967348604409,0.016866099328456206,0.06551173590266714,0.009588584010318032,0.5045516618515857,-0.07563628952216338
1.4517096617118501,1.011984333671517,0.01773592213771448,0.06537793076042465,0.010096836523403672,0.5035428739625704,-0.07943674892078413
1.4534404225520767,1.0120022507281665,0.018606525047011345,0.06523716251668339,0.010607587317355536,0.5024842693164133,-0.08322569121194637
1.4551765154069314,1.0120211119521672,0.019477929010056162,0.06508939303733967,0.011120946496453427,0.5013759572596367,-0.08700248590788666
1.4569181746299993,1.0120409301079643,0.020350153375963347,0.06493458285812775,0.011637022796564422,0.500218056906556,-0.09076649764593532
1.4586656354871985,1.0120617185663219,0.021223216540072698,0.06477269109940954,0.012155923920856128,0.4990106965607206,-0.09451708930628137
1.4604191343535453,1.012083491313194,0.022097135986879762,0.064603675469113,0.012677756520415497,0.49775401379776313,-0.09825362247264918
1.4621789080455931,1.0121062629479127,0.022971927902866163,0.0644274923510024,0.013202625915750927,0.4964481561753547,-0.1019754560705713
1.4639451938505856,1.0121300486889377,0.023847607140136992,0.06424409683577911,0.013730636022270254,0.4950932815041829,-0.10568194654561316
1.4657182294773137,1.0121548643786498,0.024724187142141696,0.06405344276154172,0.014261889250471687,0.4936895581772708,-0.10937244789872669
1.4674982550409759,1.0121807265181433,0.025601680872045427,0.06385548252681073,0.014796487015639185,0.49223716382088706,-0.11304631592921977
1.4692855093985875,1.0122076522218406,0.02648009895192832,0.06365016752068693,0.015334528551467249,0.49073628847168366,-0.11670290077664489
1.471080232825438,1.0122356592610087,0.027359450937707683,0.06343744787179512,0.015876111622000654,0.4891871327251675,-0.1203415526798567
1.4728826658821514,1.012264766053409,0.028239744713390497,0.0632172726121712,0.016421332089667173,0.48758990892101783,-0.12396161984862428
1.4746930498487958,1.0122949916758759,0.029120986658521628,0.0629895896672825,0.0169702839524784,0.4859448410379919,-0.12756244958650018
1.47651162689132,1.0123263558736322,0.03000318168297584,0.06275434587302035,0.017523059300098894,0.48425216477441896,-0.131143388860861
1.4783386387128192,1.01235887904277,0.03088633253002797,0.0625114871945194,0.018079747806949313,0.4825121290585279,-0.1347037819361245
1.4801743282563362,1.0123925822650741,0.031770440561866065,0.06226095855306082,0.01864043715113685,0.4807249947173386,-0.1382429740474246
1.482018937248614,1.0124274872686418,0.03265550453665495,0.062002704207445115,0.01920521216474494,0.47889103709496167,-0.14176030699735515
1.4838727092644304,1.0124636164892749,0.03354152204754789,0.06173666738629956,0.019774155668524255,0.4770105433016368,-0.14525512543740168
1.4857358879559535,1.012500993043853,0.03442848863185879,0.061462790576081894,0.02034734782992484,0.4750838141241928,-0.1487267738170424
1.4876087162058744,1.0125396407169034,0.03531639733874776,0.06118101570657781,0.02092486579775054,0.4731111651497854,-0.1521745952740391
1.489491437158616,1.0125795839844745,0.036205239193675534,0.060891284062334496,0.021506783913747787,0.47109292593204516,-0.15559793405524822
1.4913842937532642,1.0126208480083367,0.03709500294971699,0.060593536411671055,0.022093173463596565,0.4690294406644809,-0.1589961351457107
1.4932875285189615,1.0126634586343284,0.03798567496901085,0.06028771310321881,0.02268410250735787,0.4669210685876376,-0.1623685444431772
1.4952013843211553,1.0127074424119058,0.038877239550789255,0.05997375400944419,0.023279636005400436,0.4647681833125976,-0.16571451063143205
1.4971261031565573,1.0127528265695531,0.03976967834911541,0.05965159878543069,0.02387983533855971,0.46257117428506794,-0.16903338362252437
1.4990619266355838,1.0127996390269363,0.040662970585292384,0.059321186861176566,0.02448475835197995,0.460330446372418,-0.17232451603664492
1.5010090949107557,1.0128479083695234,0.04155709254430023,0.05898245769725413,0.025094458914714547,0.45804642120601796,-0.17558726204232342
1.5029678485401037,1.0128976638944236,0.042452018425878056,0.05863535053647152,0.02570898739833506,0.45571953507767216,-0.17882098117793785
1.5049384265772665,1.0129489355634242,0.043347719461303724,0.05827980480603999,0.0263283899767183,0.4533502411995771,-0.1820250358193484
1.5069210677482696,1.0130017540318035,0.04424416445132645,0.05791575998469188,0.026952708893786922,0.4509390083179119,-0.18519879384521243
1.5089160087815359,1.0130561506026432,0.0451413190128474,0.057543155983051604,0.02758198183874184,0.44848632270948074,-0.18834162668382662
1.5109234857155724,1.0131121572584523,0.04603914618064791,0.0571619329848242,0.0282162422601364,0.4459926865518367,-0.19145291219778096
1.5129437326001545,1.013169806622097,0.04693760583638843,0.0567720317697131,0.028855518861594195,0.4434586194366596,-0.19453203343323472
1.514976982715698,1.0132291319865823,0.04783665527008568,0.05637339356190433,0.029499835895735717,0.4408846567319426,-0.1975783813118547
1.517023468156134,1.0132901672997126,0.048736249008155895,0.05596596018340322,0.030149212945497696,0.43827134991565686,-0.20059135474449202
1.5190834186301068,1.0133529471225848,0.04963633830972005,0.05554967437309016,0.03080366445978882,0.43561926790744143,-0.203570359685603
1.5211570627657056,1.0134175066616058,0.05053687176843915,0.05512447960877399,0.031463200087662783,0.4329289951687342,-0.20651481189228446
1.523244627136107,1.0134838817318832,0.05143779491546714,0.05469032038187902,0.032127824294113726,0.43020113266976145,-0.20942413632347892
1.5253463362541115,1.0135521087479609,0.05233905025483161,0.054247142281935765,0.03279753628801998,0.4274362975888931,-0.21229776799369823
1.5274624129508578,1.0136222247267828,0.053240577464625724,0.053794891996599606,0.03347233007828373,0.424635122456188,-0.21513515332418376
1.529593078519719,1.0136942672835656,0.05414231349519879,0.05333351735446463,0.03415219446137133,0.42179825454867015,-0.21793575111205513
1.5317385522879734,1.0137682746077286,0.05504419242733862,0.0528629674898819,0.0348371128322319,0.4189263560070592,-0.22069903272798916
1.5338990519677644,1.013844285464138,0.055946145664142174,0.0523831928387701,0.03552706325000425,0.4160201028800999,-0.22342448333302523
1.5360747927395797,1.01392233914927,0.05684810159526451,0.051894145413137124,0.036222018105565267,0.4130801858331005,-0.22611160146695475
1.5382659875381504,1.0140024754872998,0.057749985772491616,0.05139577881300397,0.03692194417977773,0.41010730921554617,-0.22875990019300516
1.5404728490875945,1.0140847348925317,0.05865172179447239,0.050888047826428945,0.03762680326770586,0.4071021876938412,-0.2313689102131582
1.542695586644355,1.0141691582369379,0.059553230017897606,0.050370909233599444,0.03833655111935357,0.40406555003739,-0.2339381765832933
1.5449344097779059,1.0142557869780406,0.060454429151614274,0.049844320994698516,0.03905113863519623,0.4009981333030333,-0.2364672637676481
1.5471895242969502,1.014344662989972,0.06135523465741051,0.04930824325474248,0.03977051056081304,0.3979006877066559,-0.23895575149923728
1.5494611365247843,1.0144358287144397,0.06225556052368432,0.04876263739152112,0.04049460685388344,0.3947739700468154,-0.2414032401302221
1.5517494500698055,1.0145293270202347,0.06315531802123253,0.04820746682782496,0.041223361663174994,0.3916187473900138,-0.24380934748312652
1.5540546682265446,1.0146252012842867,0.06405441670796062,0.04764269650227154,0.04195670411041306,0.3884357930051744,-0.2461737118692003
1.556376992882842,1.0147234953334865,0.0649527640428183,0.047068293171720205,0.04269455796483255,0.38522588708627714,-0.24849599124705649
1.5587166253220395,1.0148242534634233,0.06585026574513342,0.046484225251740015,0.04343684192779637,0.3819898148520665,-0.2507758643333437
1.5610737661487668,1.0149275204213941,0.0667468258069645,0.04589046286568109,0.04418346964442214,0.37872836584579717,-0.2530130307306831
1.563448616018204,1.0150333414246415,0.06764234680880446,0.04528697768781044,0.044934349975475275,0.37544233211974615,-0.2552072117604342
1.5658413740875181,1.0151417620772802,0.06853672937331735,0.044673743361351985,0.045689386554515356,0.37213250957073774,-0.25735814912833466
1.5682522399571357,1.0152528284417779,0.06942987293691902,0.04405073502920145,0.0464484784546201,0.3687996944484781,-0.25946560679063246
1.570681414796436,1.015366587080238,0.070321676184509,0.04341792905149185,0.047211520596767205,0.36544468100426103,-0.261529371811233
1.5731290979530792,1.0154830848837177,0.07121203582571083,0.042775303898684405,0.047978402744127444,0.3620682653897743,-0.26354925134829954
1.575595490158383,1.0156023692070273,0.07210084780518253,0.0421228393330962,0.04874901057595145,0.3586712404519794,-0.2655250753047755
1.5780807936732382,1.015724487866328,0.07298800736046356,0.04146051636900029,0.04952322579776216,0.35525439478324233,-0.2674566961396198
1.5805852106094913,1.0158494890452414,0.07387340843402382,0.040788317722103326,0.05030092568820989,0.3518185142964469,-0.2693439872767018
1.5831089446497393,1.0159774213662995,0.07475694430304251,0.04010622735572215,0.05108198370950653,0.3483643791439348,-0.27118684416373773
1.585652201174022,1.0161083338873906,0.0756385076233997,0.03941423044196038,0.051866269619871085,0.34489276286308906,-0.27298518395436205
1.5882151869606578,1.0162422760759968,0.07651799032462483,0.03871231343840422,0.05265364945680535,0.34140443213001653,-0.27473894486300027
1.5907981098648591,1.0163792977804453,0.0773952835025901,0.03800046417400974,0.05344398551779703,0.33790014656282824,-0.2764480855242416
1.593401181467046,1.0165194493603054,0.07827027831102987,0.037278671112114324,0.05423713724844182,0.3343806545343384,-0.2781125862400777
1.5960246122909136,1.0166627814201146,0.07914286433772853,0.03654692466584135,0.05503295986189497,0.3308466990819519,-0.2797324453523039
1.5986686175288705,1.016809345106533,0.08001293152008475,0.03580521560436596,0.05583130616401973,0.32729900963006847,-0.2813076823725196
1.601333413999892,1.0169591919359882,0.08088036909948154,0.03505353588471702,0.056632025702749306,0.3237383056162321,-0.28283833541212605
1.604019220992495,1.0171123738305192,0.08174506588316326,0.034291878408251056,0.05743496510241413,0.32016529489314566,-0.2843244611036015
1.6067262598805485,1.01726894308582,0.08260691009850776,0.033520237120701166,0.05823996802662821,0.3165806738125198,-0.28576613376450966
1.609454754783459,1.0174289523987097,0.0834657895813528,0.03273860681632582,0.05904687545270378,0.3129851259533084,-0.28716344512594283
1.612204932650682,1.01759245486295,0.08432159177091908,0.031946983103354885,0.05985552577029537,0.3093793216601252,-0.2885165036974415
1.6149770237744239,1.01775950399106,0.0851742038327351,0.031145362245707794,0.06066575500299615,0.30576391706082945,-0.2898254343176627
1.6177712617911735,1.0179301537068033,0.08602351261490346,0.030333741150740546,0.061477396875118204,0.3021395537998116,-0.2910903774187025
1.6205878819214867,1.0181044582275407,0.08686940407735337,0.02951211787344782,0.062290282369952765,0.2985068610701502,-0.29231148754660424
1.623427122560291,1.0182824721490025,0.08771176374646121,0.028680491151270998,0.0631042402640048,0.294866453314078,-0.2934889334422089
1.626289226552335,1.0184642505172536,0.08855047704237888,0.02783886002123328,0.06391909755223069,0.29121892842462344,-0.29462289782255396
1.6291744382211535,1.0186498486315592,0.08938542835632264,0.02698722468591639,0.06473467865955633,0.2875648713999287,-0.29571357546365157
1.6320830059142302,1.0188393221938428,0.09021650175817851,0.026125585763405953,0.06555080622886861,0.28390485096516793,-0.2967611735505542
1.6350151811196778,1.019032727242582,0.09104358068664728,0.0252539445431613,0.06636730092419259,0.28023942061758766,-0.297765910617414
1.6379712189923092,1.0192301201765723,0.0918665480477748,0.024372302827996052,0.06718398163048672,0.27656911791172095,-0.29872801603824084
1.6409513772736315,1.01943155767154,0.09268528586285228,0.023480663255892327,0.06800066520569248,0.27289446577137055,-0.29964772899286257
1.6439559168835072,1.0196370967059705,0.09349967538946556,0.022579029126945076,0.06881716669734672,0.26921597173138906,-0.30052529802718286
1.6469851024257591,1.0198467945832905,0.09430959720600364,0.021667404254420004,0.06963329952573587,0.2655341273381787,-0.301360980542444
1.6500392018080325,1.0200607088935558,0.09511493105244648,0.020745793082561886,0.07044887542180642,0.2618494086652308,-0.30215504202600996
1.653118486611109,1.020278897526093,0.09591555587245638,0.019814200580950837,0.07126370456519113,0.2581622759366282,-0.3029077555103137
1.6562232318044987,1.020501418636213,0.0967113496804155,0.018872632337374625,0.07207759554353464,0.25447317396577385,-0.30361940086771205
1.659353713749113,1.0207283304850403,0.09750218900470074,0.017921095174908128,0.07289035487073087,0.2507825346101086,-0.3042902637924568
1.6625102146442212,1.0209596917439143,0.09828794996708631,0.016959595813212585,0.07370178818169884,0.2470907716253455,-0.304920636211789
1.6656930191492874,1.0211955612366987,0.09906850735863039,0.015988141905200964,0.07451169937479794,0.24339828482937037,-0.30551081493054466
1.6689024167701714,1.0214359980991206,0.09984373517177958,0.015006741323742887,0.07531989124793438,0.2397054574872151,-0.3060611015319912
1.6721386974754042,1.0216810614335772,0.1006135054815049,0.01401540351762378,0.07612616441639837,0.2360126615408661,-0.3065718010743458
1.6754021565632427,1.0219308106536593,0.10137768957243186,0.013014138042023553,0.07693031856617524,0.23232025217931968,-0.3070432224330355
1.6786930928885488,1.0221853053352534,0.10213615743977146,0.012002955117984132,0.07773215201649544,0.22862857012012147,-0.30747567743947496
1.6820118087891744,1.0224446051917326,0.10288877771161851,0.010981865675615099,0.07853146171562397,0.22493794192010236,-0.30786948037014983
1.685358610137555,1.0227087700578934,0.10363541760042612,0.009950881360589576,0.07932804326492668,0.22124868015661361,-0.3082249474708583
1.688733805418284,1.0229778597952348,0.10437594264130892,0.008910014842745331,0.08012169071189917,0.21756108468251062,-0.3085423964082495
1.6921377081192857,1.0232519344600837,0.10511021715936025,0.007859279104618592,0.0809121971215692,0.21387544026573782,-0.3088221460562033
1.6955706345440518,1.023531054108044,0.10583810372159026,0.006798688142858932,0.08169935406035195,0.21019201926974096,-0.3090645158337093
1.6990329042883296,1.0238152788069101,0.10655946318745958,0.0057282568508082565,0.08248295171507304,0.20651108139449872,-0.3092698253553583
1.7025248417256893,1.0241046687348754,0.10727415495352449,0.004648000589683023,0.0832627792251732,0.20283287239592412,-0.3094383941073739
1.7060467736831675,1.024399283964485,0.10798203640659437,0.0035579359395507514,0.08403862415212668,0.19915762685726482,-0.30957054092142694
1.709599030376739,1.024699184511184,0.10868296306549932,0.0024580804445167043,0.08481027269214805,0.19548556747660917,-0.3096665836851658
1.7131819487052204,1.0250044305870019,0.10937678915472727,0.0013484516281636243,0.08557751037120209,0.19181690201221052,-0.309726839035356
1.7167958656106896,1.0253150820105688,0.11006336623677344,0.0002290690869768523,0.08634012059553908,0.18815183045207315,-0.30975162185204913
1.7204411232051844,1.0256311986104074,0.11074254416148248,-0.0009000470578523858,0.0870978857521486,0.18449054003839688,-0.30974124507194783
1.7241180713042352,1.0259528404226632,0.11141417143398669,-0.0020388769043578224,0.08785058768410449,0.18083320316327575,-0.3096960192602776
1.7278270668853446,1.0262800676264383,0.11207809498262906,-0.003187400557961683,0.08859800750003417,0.1771799784287984,-0.3096162521451455
1.7315684643828508,1.0266129396564674,0.11273415834913066,-0.004345595080103451,0.08933992358856585,0.17353102057005854,-0.3095022485292383
1.7353426215526233,1.0269515156738087,0.11338220273666452,-0.005513436258657516,0.09007611283100228,0.16988647485838587,-0.3093543100521225
1.7391499006013769,1.0272958546314432,0.11402206714256959,-0.006690898909430094,0.09080635079888702,0.1662464763519413,-0.3091727348949129
1.7429906646918325,1.0276460149202191,0.11465358771487366,-0.007877955746059002,0.09153041106372942,0.16261115356792072,-0.30895781771935404
1.746865285691652,1.0280020550355102,0.11527659897298193,-0.009074579724145724,0.0922480666384416,0.1589806214747412,-0.30870984902490783
1.7507741358523852,1.0283640327819359,0.1158909323635197,-0.010280741415582504,0.09295908836703097,0.15535498975615247,-0.3084291153666577
1.7547175904864012,1.0287320054710727,0.11649641666659467,-0.01149640978307127,0.09366324542415214,0.1517343605579694,-0.3081158990616619
1.7586960314953792,1.0291060302095678,0.11709287847042026,-0.012721553211152436,0.09436030590810499,0.14811882561800233,-0.30777047770247173
1.7627098435357755,1.0294861635005441,0.11768014150601984,-0.013956138264562924,0.09505003610851481,0.1445084701821843,-0.30739312424836807
1.7667594137335603,1.0298724611672065,0.1182580265658284,-0.015200129542555552,0.0957322004422452,0.1409033735631408,-0.306984106924385
1.7708451394516795,1.0302649790501301,0.11882635253471369,-0.016453492001299665,0.0964065627098397,0.13730360262578964,-0.3065436882448419
1.774967412581665,1.0306637714552402,0.11938493411514987,-0.017716186067941463,0.09707288343743126,0.13370922606070293,-0.30607212650193094
1.7791266335890088,1.0310688924451485,0.1199335837634973,-0.018988171889198917,0.09773092219658107,0.13012030226026877,-0.3055696741903633
1.7833232093534588,1.03148039559039,0.1204721112737978,-0.02026940859449597,0.0983804371545828,0.12653688172332556,-0.30503657800699957
1.7875575472848735,1.031898333341178,0.12100032295121611,-0.021559852428527034,0.09902118411090668,0.12295901246983112,-0.3044730794569589
1.7918300596120842,1.0323227573884564,0.12151802212723264,-0.02285945799328476,0.09965291714165915,0.11938673667966808,-0.30387941423711257
1.796141160961263,1.032753718366656,0.12202500880650999,-0.0241681774388407,0.10027538819737639,0.11582009308174354,-0.3032558124646956
1.8004912739238281,1.0331912663515568,0.12252108026347384,-0.025485962079128014,0.10088834786281656,0.11225911270943198,-0.3026024977745895
1.8048808197479094,1.0336354498667322,0.1230060299039173,-0.02681275949235343,0.10149154398160808,0.10870382692967258,-0.30191968859772345
1.8093102295840937,1.0340863169525394,0.12347964848767595,-0.028148516848754804,0.10208472319243465,0.10515425860565991,-0.30120759638701144
1.813779933573843,1.0345439139983548,0.12394172286148143,-0.029493177531369145,0.10266762937815137,0.10161043130982952,-0.30046642723161343
1.8182903688317336,1.0350082864849137,0.12439203677815097,-0.03084668346526415,0.10324000470887656,0.09807236323788775,-0.29969638053742953
1.8228419747643463,1.0354794784377208,0.12483037035026825,-0.0322089736238384,0.103801588976803,0.09454007130094548,-0.2988976497309194
1.8274351946318201,1.0359575325137589,0.12525650017269305,-0.03357998441602517,0.1043521197671857,0.09101357021434209,-0.2980704219655241
1.8320704753890629,1.036442489910849,0.12567019926284156,-0.03495964955308432,0.10489133239952156,0.08749287296368106,-0.297214878111084
1.836748268411663,1.0369343903675214,0.12607123708009157,-0.03634790017663802,0.10541895997065859,0.08397799060119576,-0.29633119258438023
1.8414690296694163,1.0374332721043467,0.12645937948699404,-0.03774466481784454,0.10593473332354937,0.08046893248498611,-0.2954195332749333
1.846233220936009,1.0379391718736377,0.12683438878826545,-0.03914986965870103,0.10643838112051554,0.07696570576750644,-0.2944800612668652
1.8510413035294488,1.038452124211507,0.12719602319741682,-0.04056343659190474,0.10692962914145443,0.07346832034371185,-0.2935129320560087
1.8558937420035855,1.0389721617379735,0.12754403713282506,-0.041985284226338855,0.10740820067974632,0.06997678638153722,-0.2925182948587491
1.8607910090473199,1.0394993155960084,0.12787818151840077,-0.04341532922191742,0.10787381697319555,0.0664911111733553,-0.2914962915827924
1.8657335795501009,1.0400336147279152,0.1281982033012349,-0.04485348444538593,0.10832619655916395,0.06301130379945458,-0.2904470580163969
1.870721930090439,1.0405750857225007,0.12850384541825408,-0.04629965873011927,0.10876505522459724,0.05953737575993092,-0.28937072397198066
1.8757565438561195,1.0411237532517505,0.12879484708008654,-0.0477537582039039,0.1091901064170697,0.05606933786401329,-0.28826741224202274
1.880837907226185,1.0416796396035646,0.12907094351614232,-0.04921568518814033,0.10960106089269293,0.052607202992232045,-0.28713723932841406
1.8859665092911442,1.0422427645262766,0.12933186593760423,-0.050685337958050324,0.10999762666021416,0.04915098673496245,-0.2859803155764646
1.8911428442228473,1.0428131453840235,0.12957734164300483,-0.05216261131623149,0.11037950914201752,0.045700706121842356,-0.28479674466434335
1.8963674094043443,1.0433907968452385,0.12980709389815315,-0.053647395945130474,0.11074641099603648,0.04225638123592169,-0.2835866240409855
1.9016407024166593,1.0439757304371071,0.1300208418130952,-0.055139577448218784,0.11109803190504335,0.038818037487646465,-0.28235004567046923
1.9069632296238737,1.0445679553836775,0.1302183006943251,-0.05663903867244166,0.11143406914362285,0.03538570032312069,-0.2810870940603213
1.912335497716433,1.0451674775539408,0.13039918167849854,-0.05814565719547905,0.11175421697919749,0.03195940110934948,-0.2797978482635044
1.9177580138655563,1.0457742993553147,0.1305631917889927,-0.0596593052738652,0.1120581667224121,0.028539177259160244,-0.27848238192010755
1.9232312929663313,1.0463884204216607,0.13071003417032703,-0.061179851753813644,0.11234560713617456,0.025125067969713227,-0.27714076154870426
1.9287558537783651,1.0470098370605923,0.13083940793644042,-0.0627071608601463,0.11261622416925345,0.021717117074788267,-0.27577304749363707
1.9343322144000412,1.0476385416156824,0.13095100808942717,-0.06424109083109808,0.1128697007452661,0.018315376141249073,-0.2743792951008251
1.939960895927721,1.0482745227449426,0.13104452565628646,-0.06578149482377242,0.1131057169789305,0.014919902473552772,-0.2729595538836046
1.9456424259094605,1.0489177656788986,0.13111964775231796,-0.06732822173174903,0.11332395031021208,0.011530757392669849,-0.27151386669052574
1.951377330913004,1.0495682512441353,0.13117605748965439,-0.06888111403082917,0.113524075207963,0.008148011039842917,-0.270042271635569
1.9571661439990231,1.0502259565696939,0.131213434111911,-0.0704400096911621,0.11370576347520144,0.004771738241864993,-0.2685448002537016
1.9630093936484774,1.050890853687153,0.13123145295563027,-0.07200473906866599,0.11386868391581628,0.0014020253097113476,-0.2670214804180369
1.9689076129579766,1.0515629104280246,0.13122978560021634,-0.07357512727679145,0.11401250269627212,-0.001961035084299962,-0.2654723340464787
1.97486160475132,1.0522421205367234,0.13120809847576773,-0.07515106400809236,0.11413688841871229,-0.005317492114813187,-0.2638973067660637
1.9808749365967993,1.052928788694376,0.1311660268179834,-0.07673315570189404,0.11424154659231608,-0.008668910579480795,-0.2622955987767307
1.9869481806740676,1.0536228729458537,0.13110319774976562,-0.07832120138279051,0.11432610145339897,-0.012015127745677081,-0.2606671904639911
1.9930819177669945,1.0543243265894062,0.13101923446286667,-0.07991499460303175,0.11439017442251824,-0.015355975366679809,-0.25901205627529666
1.999276719539169,1.0550330959721705,0.13091375652817028,-0.08151431869003375,0.11443338396920279,-0.018691269635186362,-0.25733016951951815
2.0055331550927615,1.0557491210576133,0.13078638003203846,-0.08311894837853409,0.11445534589374681,-0.022020814643098956,-0.2556215006903723
2.011851775762484,1.0564723335024613,0.13063671813891997,-0.08472864585133842,0.114455673513675,-0.025344394205063202,-0.2538860217173135
2.018233130434489,1.057202658227303,0.13046438108794942,-0.08634316463696491,0.11443397801357894,-0.02866178000802892,-0.25212370189777555
2.0246777593770373,1.0579400125289076,0.13026897657725053,-0.08796224796976441,0.1143898686663059,-0.03197272821083518,-0.2503345096666315
2.0311861796163986,1.058684304227321,0.13005011057543095,-0.08958562511610355,0.11432295328810294,-0.035276971993868596,-0.24851841678170714
2.037758893397653,1.0594354324590523,0.12980738753812074,-0.09121301355923578,0.11423283864330346,-0.03857422613788629,-0.24667539613451842
2.0443963738412188,1.0601932858685805,0.12954041141696263,-0.09284411551505131,0.1141191311084019,-0.04186418004737661,-0.2448054259210688
2.0510990782388894,1.0609577439659674,0.12924878570901135,-0.09447862132996783,0.1139814370189808,-0.04514650472742744,-0.24290848607482782
2.057867433178169,1.061728675274457,0.1289321146131409,-0.09611620594723731,0.11381936347038567,-0.048420845726067197,-0.2409845626124966
2.0647018466511717,1.0625059385660396,0.12859000308888732,-0.0977565320030858,0.11363251864177228,-0.0516868294081971,-0.23903364436090613
2.0716026781526704,1.063289379327622,0.12822205899065578,-0.09939924283177291,0.11342051323827783,-0.05494404908251363,-0.237055731652229
2.0785702683284772,1.0640788330166946,0.12782789232454872,-0.10104396983436915,0.11318296041077723,-0.0581920797526482,-0.2350508280443232
2.085604906157896,1.0648741212353032,0.12740711776731228,-0.10269032494912089,0.11291947752177996,-0.061430463241972585,-0.23301894990505395
2.092706839822753,1.0656750528893573,0.126959355001063,-0.10433790362387527,0.11262968671775547,-0.06465871418263351,-0.2309601235104061
2.0998762739987216,1.0664814238237286,0.12648422975929705,-0.10598628456497987,0.11231321590355613,-0.0678763195588012,-0.22887438601408744
2.10711335663938,1.0672930153042175,0.1259813756725128,-0.10763502715355401,0.11196970028577523,-0.07108273370804642,-0.22676178949253314
2.114418185218106,1.0681095947199524,0.12545043492144417,-0.10928367341882841,0.11159878315586491,-0.07427738222101744,-0.22462239934421632
2.1217907825891125,1.0689309129182316,0.12489106112083935,-0.11093174319396644,0.1112001182371442,-0.07745965259047179,-0.22245630157692736
2.129231118809182,1.0697567067163158,0.1243029189531231,-0.11257873973236955,0.11077336978980211,-0.08062890512276379,-0.22026359664506837
2.136739086798787,1.0705866962962003,0.12368568724716035,-0.11422414499729652,0.11031821515104631,-0.08378446382838746,-0.2180444068159977
2.1443145033855853,1.0714205854843928,0.12303906030317655,-0.11586742077697851,0.10983434607876524,-0.08692561858760738,-0.21579887611193657
2.151957110500322,1.0722580620829014,0.12236274917152201,-0.11750800984754228,0.10932147004958358,-0.0900516273380911,-0.21352717018146927
2.1596665607138466,1.0730987965311505,0.12165648435345304,-0.11914533384057456,0.10877931264380229,-0.09316171194778168,-0.21122948082050297
2.1674424173300113,1.0739424422310138,0.12092001735315498,-0.12077879438102447,0.10820761909595704,-0.09625506032471674,-0.20890602618807144
2.1752841572251556,1.074788636212688,0.12015312193330595,-0.12240777482413197,0.10760615560481324,-0.09933082959524925,-0.20655705017826662
2.1831911567278066,1.0756369980218614,0.1193555970306138,-0.12403163852136452,0.1069747119446881,-0.1023881426819082,-0.20418282686047887
2.191162706134541,1.0764871317530016,0.11852726688351703,-0.1256497330985158,0.10631310189280521,-0.10542609619406171,-0.2017836563339141
2.1991979781508557,1.077338623208464,0.11766798586046656,-0.12726138537225481,0.10562116739058591,-0.10844375066859979,-0.19935987441866296
2.207296068527358,1.0781910448139733,0.11677763577844531,-0.12886591097510292,0.10489877670479113,-0.11144014838596684,-0.1969118406083793
2.215455953604473,1.0790439517579562,0.1158561319582086,-0.1304626072605673,0.10414582959072874,-0.11441429979459607,-0.19443995104619702
2.2236765292873577,1.0798968867898453,0.11490342043939732,-0.1320507624974096,0.10336225530808828,-0.11736520036626506,-0.1919446269045849
2.2319565945486746,1.0807493792013867,0.11391948113134445,-0.13362965400420984,0.10254801541829449,-0.12029182672532562,-0.18942631949650948
2.2402948476805125,1.0816009452320068,0.11290432963837023,-0.13519854894025074,0.10170310552418758,-0.12319313774595221,-0.18688551154720148
2.248689906501022,1.0824510909601042,0.11185801607845815,-0.1367567095958801,0.10082755449129534,-0.1260680839326025,-0.18432271114801585
2.257140316166827,1.0832993138980547,0.11078062509827022,-0.138303396143133,0.09992142460609514,-0.12891561201569035,-0.18173844942832207
2.265644546754689,1.084145103572556,0.10967227705267969,-0.13983786744957385,0.09898481269023991,-0.13173466595265723,-0.1791332813346935
2.274200999840162,1.08498794303827,0.10853312796413522,-0.14135938353245403,0.09801785017777499,-0.1345241909436104,-0.17650778365140782
2.282808019829953,1.0858273108507124,0.107363368666702,-0.14286720874849654,0.0970207024709958,-0.1372831387684236,-0.17386255153634456
2.291463914219505,1.0866626838592397,0.10616322246192238,-0.14436061634070504,0.09599356698346588,-0.1400104755672187,-0.17119819227402838
2.3001669494471444,1.0874935375815402,0.10493294587997098,-0.14583888855241514,0.09493667379719137,-0.14270518149562056,-0.16851532650280313
2.3089153641764355,1.088319348257166,0.10367282693244788,-0.147301319697467,0.09385028416117164,-0.14536625579734083,-0.16581458407378738
2.3177073782383797,1.089139594426558,0.10238318375407869,-0.14874721830532533,0.09273468929067236,-0.14799272018476425,-0.1630966012223632
2.326541212736465,1.0899537594807795,0.10106436138652448,-0.15017591090483873,0.09159020752812307,-0.15058362519772497,-0.16036201426579427
2.3354150866109604,1.0907613319458074,0.09971673182556719,-0.15158674175846348,0.09041718430070038,-0.15313804921992738,-0.15761146056152273
2.344327233606437,1.0915618076066833,0.09834069092203358,-0.15297907580042353,0.08921598933571308,-0.15565510333972638,-0.15484557314763406
2.3532759095694877,1.0923546906509793,0.09693665653580559,-0.15435229980976192,0.08798701493746151,-0.15813393302981849,-0.15206497836079436
2.3622593937656386,1.0931394942257968,0.09550506753010332,-0.1557058225530972,0.08673067498859452,-0.16057371800431944,-0.14927029531116306
2.3712760075949544,1.0939157424548718,0.09404637990335213,-0.1570390774371721,0.08544740142969455,-0.16297367663836274,-0.14646212994420416
2.3803241089787375,1.0946829702440941,0.09256106667250887,-0.15835152133398903,0.08413764401595508,-0.16533306352160948,-0.14364107666487666
2.3894021044529867,1.0954407245728237,0.0910496148726792,-0.15964263597571815,0.08280186753699226,-0.1676511716862645,-0.14080771445612847
2.398508440466338,1.0961885639694988,0.08951252593011613,-0.16091192625715903,0.08144055200816505,-0.1699273293180145,-0.13796260948586644
2.4076416310323725,1.0969260609419138,0.08795030990694737,-0.16215892358079506,0.08005418743774982,-0.17216090555672006,-0.13510630636656534
2.4168002303581795,1.0976527998214458,0.08636348898578855,-0.16338318143401415,0.07864327677283267,-0.17435130240423688,-0.1322393366082358
2.4259828580838456,1.098368378870292,0.08475259205047678,-0.16458427822543553,0.07720833095800182,-0.1764979596872637,-0.12936221063884823
2.4351881856891353,1.099072409201867,0.08311815589686658,-0.16576181475864282,0.07574986987753086,-0.17860035044996372,-0.12647542197445572
2.4444149448590426,1.0997645154199474,0.08146072267540712,-0.16691541463902415,0.07426841995300257,-0.18065798163262023,-0.12357944452631364
2.4536619130418105,1.1004443344950932,0.07978084142228084,-0.16804472176869134,0.0727645153951631,-0.1826703895851274,-0.12067473707044697
2.4629279290267867,1.1011115168819559,0.07807906424844002,-0.16914940161501366,0.0712386946879206,-0.18463714234323958,-0.11776173830563762
2.4722118889884386,1.1017657261060667,0.07635594601484255,-0.17022913995154856,0.06969150018589816,-0.1865578374179848,-0.1148408680430697
2.4815127343478247,1.1024066378014754,0.07461204562738864,-0.17128364074041283,0.06812347917892955,-0.18843209808883957,-0.11191253098581928
2.490829452736824,1.103033939708947,0.07284792500372475,-0.17231262564533392,0.06653518287885865,-0.19025957262447038,-0.1089771164008208
2.5001610864104697,1.1036473321259093,0.07106414662351782,-0.17331583430846015,0.06492716413007722,-0.19203993487383628,-0.10603499544483698
2.5095067157989384,1.1042465266783923,0.0692612758340945,-0.17429302190713175,0.06329997940694589,-0.1937728800430167,-0.10308652632995924
2.5188654608109835,1.1048312463259178,0.06743987988506958,-0.1752439587711053,0.06165418787662125,-0.19545812414842884,-0.10013205390740663
2.528236488643272,1.10540122572503,0.06560052568916439,-0.17616843060228796,0.059990349309435205,-0.197095404544877,-0.09717190719665726
2.537618992356598,1.1059562097910522,0.06374378333953211,-0.1770662357953936,0.058309027197986016,-0.19868447532676584,-0.09420640615082657
2.547012206831873,1.1064959545743978,0.06187022236977225,-0.17793718654449933,0.05661078531992459,-0.20022510944417532,-0.09123585662310861
2.5564154010407725,1.1070202266586755,0.05998041266281072,-0.1787811075699991,0.05489618850518296,-0.2017170966074228,-0.08826055281428241
2.565827863872534,1.107528802279198,0.05807492676187871,-0.1795978344291396,0.05316580468656679,-0.2031602404638972,-0.08528078177035098
2.5752489214584635,1.1080214681947516,0.05615433587787754,-0.18038721466830385,0.051420201233284266,-0.20455436080062636,-0.08229681791575326
2.584677918984204,1.1084980206017139,0.05421921307964301,-0.18114910584527097,0.04965994780566715,-0.20589929021489603,-0.07930892882703405
2.5941142292678854,1.1089582655089723,0.05227013110370848,-0.18188337591686402,0.04788561432714315,-0.2071948749649026,-0.07631737253598024
2.6035572399975266,1.1094020180268527,0.050307664558952615,-0.1825899019051882,0.046097772954646156,-0.2084409727797396,-0.07332240159554111
2.6130063655987232,1.1098291028733966,0.04833238707681162,-0.18326857052280912,0.04429699545040991,-0.20963745412426338,-0.07032425933949518
2.6224610344896693,1.1102393536971218,0.04634487357593086,-0.1839192769252729,0.042483855212057116,-0.21078420015729002,-0.0673231839468521
2.631920686858751,1.110632612956516,0.044345700398386555,-0.18454192436780745,0.040658927369079494,-0.21188110228255702,-0.0643194091736865
2.6413847891119304,1.1110087324631304,0.04233544191832626,-0.18513642492254773,0.038822785657734823,-0.2129280635629205,-0.061313159789798635
2.6508528153344217,1.1113675725374161,0.040314674127112336,-0.1857026980102885,0.0369760056640223,-0.21392499627963565,-0.05830465748869445
2.660324248478451,1.1117090020543647,0.03828397410269471,-0.18624067035601655,0.03511916431441873,-0.21487182199627186,-0.05529412053801098
2.6697985898089462,1.112032898744054,0.03624391769454576,-0.18675027635359265,0.03325283773257684,-0.21576847233639343,-0.052281760802315495
2.679275347270076,1.1123391487180532,0.034195081731491196,-0.18723145721999362,0.03137760323119484,-0.21661488762511352,-0.04926778746507318
2.6887540396276157,1.112627646585095,0.03213804286736106,-0.18768416108845673,0.029494038230878174,-0.21741101717764047,-0.046252405737024674
2.6982341900555507,1.1128982952225486,0.03007337871439249,-0.1881083425693511,0.027602721272708568,-0.21815681864538197,-0.04323581892106218
2.7077153383482235,1.1131510060935292,0.028001664933899176,-0.18850396317532025,0.025704229328182733,-0.21885225887564727,-0.040218224550687943
2.717197024095561,1.1133856987280082,0.02592347865525006,-0.18887099044430072,0.023799140905888732,-0.21949731247562862,-0.03719981976737588
2.7266788000880946,1.113602301052115,0.02383939531295955,-0.18920939839970752,0.0218880331284185,-0.22009196272100132,-0.034180797077939716
2.736160216047641,1.1138007489659347,0.021749991986071082,-0.189519166842407,0.019971484769175197,-0.2206362004047424,-0.031161349557271335
2.7456408315815755,1.1139809866306296,0.019655844332632146,-0.18980028175913852,0.018050073417202838,-0.22113002464155052,-0.028141666747113853
2.7551202154337986,1.1141429663804983,0.017557526522917557,-0.1900527351513435,0.016124375389961754,-0.22157344264703333,-0.025121934915797742
2.764597934166925,1.1142866484884544,0.015455613527178488,-0.19027652464334271,0.014194967808004551,-0.22196646912305823,-0.022102340685418505
2.7740735645535515,1.1144120013484669,0.0133506781623141,-0.1904716537474121,0.012262425860030972,-0.22230912679043768,-0.01908306710622687
2.7835466790523093,1.1145190012317714,0.011243294106144467,-0.190638131471441,0.010327325545238467,-0.2226014457604416,-0.016064298305314157
2.7930168615452997,1.1146076324609777,0.009134032196664144,-0.19077597258389745,0.008390240251028752,-0.22284346405415664,-0.013046214492994547
2.802483694769508,1.114677887214213,0.007023463023029685,-0.19088519730938747,0.006451743107262917,-0.22303522711548884,-0.010028995988250605
2.811946763567843,1.1147297655423152,0.004912156005228284,-0.19096583136219922,0.0045124061168376525,-0.22317678791126216,-0.007012822203199742
2.8214056540502837,1.1147632753333758,0.0028006793843270935,-0.19101790590411316,0.0025728001222948384,-0.2232682068919404,-0.003997871930429907
2.830859957266427,1.1147784322856045,0.0006895992072760487,-0.19104145752130547,0.0006334938488613171,-0.22330955197954458,-0.0009843221920544949
2.8339480191448634,1.114779410421872,-1.8527822505387537e-14,-0.1910429773454319,-1.692170709111096e-13,-0.22331222002949003,2.422101148119582e-13